{
  "format_version": "1.11",
  "minecraft:entity": {
    "description": {
      "identifier": "minecraft:player",
      "is_spawnable": false,
      "is_summonable": false,
      "is_experimental": false,
      "scripts": {
        "animate": [
          "walk",
          "encryption:nawabsponge619",
          "encryption:nawsb719sponge7",
          "encryption:spongebobleg19",
          "encryption:ama596"
        ]
      },
      "animations": {
        "walk": "controller.animation.walk",
        "encryption:nawabsponge619": "controller.animation.encryption_nawabsponge619",
        "encryption:nawsb719sponge7": "controller.animation.encryption_nawsb719sponge7",
        "encryption:spongebobleg19": "controller.animation.encryption_spongebobleg19",
        "encryption:ama596": "controller.animation.encryption_ama596"
      }
    },
    "component_groups": {
      "pamobile:respawn": {
        "minecraft:mark_variant": {
          "value": 99999
        },
        "minecraft:health": {
          "value": 20,
          "max": 20
        },
        "minecraft:movement": {
          "value": 0.1
        },
        "minecraft:attack": {
          "damage": 1
        },
        "minecraft:spell_effects": {
          "remove_effects": [
            "jump_boost",
            "saturation",
            "haste"
          ]
        }
      },
      "ammo:1": {
        "minecraft:mark_variant": {
          "value": 1
        }
      },
      "encryption:mspsword69152": {
        "minecraft:health": {
          "value": 32,
          "max": 32
        },
        "minecraft:movement": {
          "value": 0.1
        },
        "minecraft:spell_effects": {
          "add_effects": [
            {
              "effect": "jump_boost",
              "duration": 60000,
              "amplifier": 1,
              "display_on_screen_animation": false
            },
            {
              "effect": "saturation",
              "duration": 60000,
              "amplifier": 1,
              "display_on_screen_animation": false
            }
          ]
        }
      },
      "encryption:solutionsofspongw17": {
        "minecraft:health": {
          "value": 22,
          "max": 22
        },
        "minecraft:movement": {
          "value": 0.1
        },
        "minecraft:spell_effects": {
          "add_effects": [
            {
              "effect": "haste",
              "duration": 60000,
              "amplifier": 1,
              "display_on_screen_animation": false
            }
          ]
        }
      },
      "encryption:nawabsponge619_event_play": {
        "minecraft:health": {
          "value": 22,
          "max": 22
        },
        "minecraft:movement": {
          "value": 0.1
        },
        "minecraft:spell_effects": {
          "add_effects": []
        }
      },
      "encryption:nawsb719sponge7_event_play": {
        "minecraft:health": {
          "value": 22,
          "max": 22
        },
        "minecraft:movement": {
          "value": 0.1
        },
        "minecraft:spell_effects": {
          "add_effects": []
        }
      },
      "encryption:spongebobleg19_event_play": {
        "minecraft:health": {
          "value": 22,
          "max": 22
        },
        "minecraft:movement": {
          "value": 0.1
        },
        "minecraft:spell_effects": {
          "add_effects": []
        }
      },
      "encryption:ama596_event_play": {
        "minecraft:health": {
          "value": 22,
          "max": 22
        },
        "minecraft:movement": {
          "value": 0.1
        },
        "minecraft:spell_effects": {
          "add_effects": []
        }
      }
    },
    "components": {
      "minecraft:type_family": {
        "family": [
          "player"
        ]
      },
      "minecraft:loot": {
        "table": "loot_tables/empty.json"
      },
      "minecraft:collision_box": {
        "width": 0.6,
        "height": 1.8
      },
      "minecraft:can_climb": {},
      "minecraft:movement": {
        "value": 0.1
      },
      "minecraft:environment_sensor": [
        {
          "on_environment": {
            "filters": {
              "any_of": [
                {
                  "test": "is_family",
                  "subject": "self",
                  "value": "player"
                }
              ]
            },
            "event": "pamobile:refresh_player"
          }
        },
        {
          "on_environment": {
            "filters": {
              "all_of": [
                {
                  "test": "has_equipment",
                  "subject": "self",
                  "domain": "hand",
                  "value": "encryption:mspsword69152"
                }
              ]
            },
            "event": "encryption:mspsword69152_event"
          }
        },
        {
          "on_environment": {
            "filters": {
              "all_of": [
                {
                  "test": "has_equipment",
                  "subject": "self",
                  "domain": "hand",
                  "value": "encryption:solutionsofspongw17"
                }
              ]
            },
            "event": "encryption:solutionsofspongw17_event"
          }
        },
        {
          "on_environment": {
            "filters": {
              "all_of": [
                {
                  "test": "has_equipment",
                  "subject": "self",
                  "domain": "hand",
                  "value": "encryption:nawabsponge619"
                }
              ]
            },
            "event": "encryption:nawabsponge619_event_hold"
          }
        },
        {
          "on_environment": {
            "filters": {
              "all_of": [
                {
                  "test": "has_equipment",
                  "subject": "self",
                  "domain": "head",
                  "value": "encryption:nawabsponge619"
                }
              ]
            },
            "event": "encryption:nawabsponge619_event_play"
          }
        },
        {
          "on_environment": {
            "filters": {
              "all_of": [
                {
                  "test": "has_equipment",
                  "subject": "self",
                  "domain": "hand",
                  "value": "encryption:nawsb719sponge7"
                }
              ]
            },
            "event": "encryption:nawsb719sponge7_event_hold"
          }
        },
        {
          "on_environment": {
            "filters": {
              "all_of": [
                {
                  "test": "has_equipment",
                  "subject": "self",
                  "domain": "head",
                  "value": "encryption:nawsb719sponge7"
                }
              ]
            },
            "event": "encryption:nawsb719sponge7_event_play"
          }
        },
        {
          "on_environment": {
            "filters": {
              "all_of": [
                {
                  "test": "has_equipment",
                  "subject": "self",
                  "domain": "hand",
                  "value": "encryption:spongebobleg19"
                }
              ]
            },
            "event": "encryption:spongebobleg19_event_hold"
          }
        },
        {
          "on_environment": {
            "filters": {
              "all_of": [
                {
                  "test": "has_equipment",
                  "subject": "self",
                  "domain": "head",
                  "value": "encryption:spongebobleg19"
                }
              ]
            },
            "event": "encryption:spongebobleg19_event_play"
          }
        },
        {
          "on_environment": {
            "filters": {
              "all_of": [
                {
                  "test": "has_equipment",
                  "subject": "self",
                  "domain": "hand",
                  "value": "encryption:ama596"
                }
              ]
            },
            "event": "encryption:ama596_event_hold"
          }
        },
        {
          "on_environment": {
            "filters": {
              "all_of": [
                {
                  "test": "has_equipment",
                  "subject": "self",
                  "domain": "head",
                  "value": "encryption:ama596"
                }
              ]
            },
            "event": "encryption:ama596_event_play"
          }
        }
      ],
      "minecraft:player.saturation": {
        "value": 20
      },
      "minecraft:player.exhaustion": {
        "value": 0,
        "max": 4
      },
      "minecraft:player.level": {
        "value": 0,
        "max": 24791
      },
      "minecraft:player.experience": {
        "value": 0,
        "max": 1
      },
      "minecraft:breathable": {
        "totalSupply": 15,
        "suffocateTime": -1,
        "inhaleTime": 3.75,
        "generatesBubbles": false
      },
      "minecraft:nameable": {
        "alwaysShow": true,
        "allowNameTagRenaming": false
      },
      "minecraft:physics": {},
      "minecraft:insomnia": {
        "days_until_insomnia": 3
      },
      "minecraft:rideable": {
        "seat_count": 2,
        "family_types": [
          "parrot_tame"
        ],
        "pull_in_entities": true,
        "seats": [
          {
            "position": [
              0.4,
              -0.15,
              0.04
            ],
            "min_rider_count": 0,
            "max_rider_count": 0,
            "lock_rider_rotation": 0
          },
          {
            "position": [
              -0.4,
              -0.15,
              0.04
            ],
            "min_rider_count": 1,
            "max_rider_count": 2,
            "lock_rider_rotation": 0
          }
        ]
      },
      "minecraft:scaffolding_climber": {}
    },
    "events": {
      "pamobile:refresh_player": {
        "add": {
          "component_groups": [
            "pamobile:respawn"
          ]
        },
        "remove": {
          "component_groups": [
            "encryption:mspsword69152",
            "encryption:solutionsofspongw17",
            "encryption:nawabsponge619_event_hold",
            "encryption:nawabsponge619_event_play",
            "encryption:nawsb719sponge7_event_hold",
            "encryption:nawsb719sponge7_event_play",
            "encryption:spongebobleg19_event_hold",
            "encryption:spongebobleg19_event_play",
            "encryption:ama596_event_hold",
            "encryption:ama596_event_play"
          ]
        }
      },
      "minecraft:entity_spawned": {
        "add": {
          "component_groups": [
            "pamobile:respawn"
          ]
        },
        "remove": {}
      },
      "ammo:1": {
        "remove": {
          "component_groups": [
            "ammo:1"
          ]
        },
        "add": {
          "component_groups": [
            "ammo:1"
          ]
        }
      },
      "ammo:2": {
        "remove": {
          "component_groups": [
            "ammo:2"
          ]
        },
        "add": {
          "component_groups": [
            "ammo:2"
          ]
        }
      },
      "encryption:mspsword69152_event": {
        "add": {
          "component_groups": [
            "encryption:mspsword69152"
          ]
        }
      },
      "encryption:solutionsofspongw17_event": {
        "add": {
          "component_groups": [
            "encryption:solutionsofspongw17"
          ]
        }
      },
      "encryption:nawabsponge619_event_hold": {
        "add": {
          "component_groups": [
            "encryption:nawabsponge619_event_hold"
          ]
        }
      },
      "encryption:nawabsponge619_event_play": {
        "add": {
          "component_groups": [
            "encryption:nawabsponge619_event_play"
          ]
        }
      },
      "encryption:nawsb719sponge7_event_hold": {
        "add": {
          "component_groups": [
            "encryption:nawsb719sponge7_event_hold"
          ]
        }
      },
      "encryption:nawsb719sponge7_event_play": {
        "add": {
          "component_groups": [
            "encryption:nawsb719sponge7_event_play"
          ]
        }
      },
      "encryption:spongebobleg19_event_hold": {
        "add": {
          "component_groups": [
            "encryption:spongebobleg19_event_hold"
          ]
        }
      },
      "encryption:spongebobleg19_event_play": {
        "add": {
          "component_groups": [
            "encryption:spongebobleg19_event_play"
          ]
        }
      },
      "encryption:ama596_event_hold": {
        "add": {
          "component_groups": [
            "encryption:ama596_event_hold"
          ]
        }
      },
      "encryption:ama596_event_play": {
        "add": {
          "component_groups": [
            "encryption:ama596_event_play"
          ]
        }
      }
    }
  }
}