{
  "format_version": "1.10.0",
  "minecraft:attachable": {
    "description": {
      "identifier": "encryption:spongebobleg19.player",
      "item": {
        "encryption:spongebobleg19": "query.owner_identifier == 'minecraft:player'"
      },
      "materials": {
        "default": "armor",
        "enchanted": "armor_enchanted"
      },
      "textures": {
        "default": "textures/entity/pamobile/encryption_spongebobleg19",
        "enchanted": "textures/misc/enchanted_item_glint"
      },
      "geometry": {
        "default": "geometry.encryption_spongebobleg19"
      },
      "scripts": {
        "parent_setup": "variable.leg_layer_visible = 0.0;"
      },
      "render_controllers": [
        "controller.render.armor"
      ]
    }
  }
}