{
  "format_version": "1.10.0",
  "geometry.encryption_nawsb719sponge7": {
    "texturewidth": 64,
    "textureheight": 32,
    "visible_bounds_width": 2,
    "visible_bounds_height": 1,
    "visible_bounds_offset": [
      0,
      0.5,
      0
    ],
    "bones": [
      {
        "name": "body",
        "pivot": [
          0,
          24,
          0
        ],
        "cubes": [
          {
            "origin": [
              -4,
              12,
              -2
            ],
            "size": [
              8,
              12,
              4
            ],
            "uv": [
              16,
              16
            ],
            "inflate": 0.6
          }
        ]
      },
      {
        "name": "rightArm",
        "pivot": [
          -5,
          22,
          0
        ],
        "cubes": [
          {
            "origin": [
              -8,
              12,
              -2
            ],
            "size": [
              4,
              12,
              4
            ],
            "uv": [
              40,
              16
            ],
            "inflate": 0.6
          }
        ]
      },
      {
        "name": "leftArm",
        "pivot": [
          5,
          22,
          0
        ],
        "mirror": true,
        "cubes": [
          {
            "origin": [
              4,
              12,
              -2
            ],
            "size": [
              4,
              12,
              4
            ],
            "uv": [
              40,
              16
            ],
            "inflate": 0.6
          }
        ]
      }
    ]
  }
}