{
  "format_version": "1.10.0",
  "geometry.encryption_ama596": {
    "texturewidth": 64,
    "textureheight": 32,
    "visible_bounds_width": 2,
    "visible_bounds_height": 1,
    "visible_bounds_offset": [
      0,
      0.5,
      0
    ],
    "bones": [
      {
        "name": "leftLeg",
        "pivot": [
          1.9,
          12,
          0
        ],
        "mirror": true,
        "cubes": [
          {
            "origin": [
              0.25,
              1,
              -2
            ],
            "size": [
              4,
              2,
              4
            ],
            "uv": [
              0,
              26
            ],
            "inflate": 0.6
          }
        ]
      },
      {
        "name": "rightLeg",
        "pivot": [
          -1.9,
          12,
          0
        ],
        "cubes": [
          {
            "origin": [
              -4.25,
              1,
              -2
            ],
            "size": [
              4,
              2,
              4
            ],
            "uv": [
              0,
              26
            ],
            "inflate": 0.6
          }
        ]
      }
    ]
  }
}